Usia Saat Ukur,Berat,Tinggi,JK_0 ,JK_1 ,Diagnosa
1.0,0.841399146840822,0.9086434991278892,-0.006013369433744643,0.006013369433744845,0.039827487245376
0.841399146840822,1.0,0.9446754038247447,0.03552149370410012,-0.03552149370409992,-0.19811710383666095
0.9086434991278892,0.9446754038247447,1.0,0.014922853571371795,-0.014922853571371493,-0.1463306283518956
-0.006013369433744643,0.03552149370410012,0.014922853571371795,1.0,-1.0000000000000002,0.0480556284370369
0.006013369433744845,-0.03552149370409992,-0.014922853571371493,-1.0000000000000002,1.0,-0.04805562843703689
0.039827487245376,-0.19811710383666095,-0.1463306283518956,0.0480556284370369,-0.04805562843703689,1.0
